,SNP,Chr,Pos,P.value,MAF,traits
15892,AX-94478880,13,585409250,1.151724e-06,0.46736453,MLM.HeadingDate
18402,AX-94390434,15,466230338,4.474410e-10,0.05603448,MLM.HeadingDate
24264,AX-94826288,20,445296292,9.528203e-07,0.09174877,MLM.HeadingDate
1381,AX-94454667,2,   717177,1.279280e-06,0.2022333,MLM.PlantHeight
2150,AX-95177095,2,410813584,2.588763e-07,0.1333747,MLM.PlantHeight
